[{"frame_id": 0, "detections": []}, {"frame_id": 1, "detections": []}, {"frame_id": 2, "detections": []}, {"frame_id": 3, "detections": []}, {"frame_id": 4, "detections": []}, {"frame_id": 5, "detections": []}, {"frame_id": 6, "detections": []}, {"frame_id": 7, "detections": []}, {"frame_id": 8, "detections": []}, {"frame_id": 9, "detections": []}, {"frame_id": 10, "detections": []}, {"frame_id": 11, "detections": []}, {"frame_id": 12, "detections": []}, {"frame_id": 13, "detections": []}, {"frame_id": 14, "detections": []}, {"frame_id": 15, "detections": []}, {"frame_id": 16, "detections": []}, {"frame_id": 17, "detections": []}, {"frame_id": 18, "detections": []}, {"frame_id": 19, "detections": []}, {"frame_id": 20, "detections": []}, {"frame_id": 21, "detections": []}, {"frame_id": 22, "detections": []}, {"frame_id": 23, "detections": []}, {"frame_id": 24, "detections": []}, {"frame_id": 25, "detections": []}, {"frame_id": 26, "detections": []}, {"frame_id": 27, "detections": []}, {"frame_id": 28, "detections": []}, {"frame_id": 29, "detections": []}, {"frame_id": 30, "detections": []}, {"frame_id": 31, "detections": []}, {"frame_id": 32, "detections": []}, {"frame_id": 33, "detections": []}, {"frame_id": 34, "detections": []}, {"frame_id": 35, "detections": []}, {"frame_id": 36, "detections": []}, {"frame_id": 37, "detections": []}, {"frame_id": 38, "detections": []}, {"frame_id": 39, "detections": []}, {"frame_id": 40, "detections": []}, {"frame_id": 41, "detections": []}, {"frame_id": 42, "detections": []}, {"frame_id": 43, "detections": []}, {"frame_id": 44, "detections": []}, {"frame_id": 45, "detections": []}, {"frame_id": 46, "detections": []}, {"frame_id": 47, "detections": []}, {"frame_id": 48, "detections": []}, {"frame_id": 49, "detections": []}, {"frame_id": 50, "detections": []}, {"frame_id": 51, "detections": []}, {"frame_id": 52, "detections": []}, {"frame_id": 53, "detections": []}, {"frame_id": 54, "detections": []}, {"frame_id": 55, "detections": []}, {"frame_id": 56, "detections": []}, {"frame_id": 57, "detections": []}, {"frame_id": 58, "detections": []}, {"frame_id": 59, "detections": []}, {"frame_id": 60, "detections": []}, {"frame_id": 61, "detections": []}, {"frame_id": 62, "detections": []}, {"frame_id": 63, "detections": []}, {"frame_id": 64, "detections": []}, {"frame_id": 65, "detections": []}, {"frame_id": 66, "detections": []}, {"frame_id": 67, "detections": []}, {"frame_id": 68, "detections": []}, {"frame_id": 69, "detections": []}, {"frame_id": 70, "detections": []}, {"frame_id": 71, "detections": []}, {"frame_id": 72, "detections": []}, {"frame_id": 73, "detections": []}, {"frame_id": 74, "detections": []}, {"frame_id": 75, "detections": []}, {"frame_id": 76, "detections": []}, {"frame_id": 77, "detections": []}, {"frame_id": 78, "detections": []}, {"frame_id": 79, "detections": []}, {"frame_id": 80, "detections": []}, {"frame_id": 81, "detections": []}, {"frame_id": 82, "detections": []}, {"frame_id": 83, "detections": []}, {"frame_id": 84, "detections": []}, {"frame_id": 85, "detections": []}, {"frame_id": 86, "detections": []}, {"frame_id": 87, "detections": []}, {"frame_id": 88, "detections": []}, {"frame_id": 89, "detections": []}, {"frame_id": 90, "detections": []}, {"frame_id": 91, "detections": []}, {"frame_id": 92, "detections": []}, {"frame_id": 93, "detections": []}, {"frame_id": 94, "detections": []}, {"frame_id": 95, "detections": []}, {"frame_id": 96, "detections": []}, {"frame_id": 97, "detections": []}, {"frame_id": 98, "detections": []}, {"frame_id": 99, "detections": []}, {"frame_id": 100, "detections": []}, {"frame_id": 101, "detections": []}, {"frame_id": 102, "detections": []}, {"frame_id": 103, "detections": []}, {"frame_id": 104, "detections": []}, {"frame_id": 105, "detections": []}, {"frame_id": 106, "detections": []}, {"frame_id": 107, "detections": []}, {"frame_id": 108, "detections": []}, {"frame_id": 109, "detections": []}, {"frame_id": 110, "detections": []}, {"frame_id": 111, "detections": []}, {"frame_id": 112, "detections": []}, {"frame_id": 113, "detections": []}, {"frame_id": 114, "detections": []}, {"frame_id": 115, "detections": []}, {"frame_id": 116, "detections": []}, {"frame_id": 117, "detections": []}, {"frame_id": 118, "detections": []}, {"frame_id": 119, "detections": []}, {"frame_id": 120, "detections": []}, {"frame_id": 121, "detections": []}, {"frame_id": 122, "detections": []}, {"frame_id": 123, "detections": []}, {"frame_id": 124, "detections": []}, {"frame_id": 125, "detections": []}, {"frame_id": 126, "detections": []}, {"frame_id": 127, "detections": []}, {"frame_id": 128, "detections": []}, {"frame_id": 129, "detections": []}, {"frame_id": 130, "detections": []}, {"frame_id": 131, "detections": []}, {"frame_id": 132, "detections": []}, {"frame_id": 133, "detections": []}, {"frame_id": 134, "detections": []}, {"frame_id": 135, "detections": []}, {"frame_id": 136, "detections": []}, {"frame_id": 137, "detections": []}, {"frame_id": 138, "detections": []}, {"frame_id": 139, "detections": []}, {"frame_id": 140, "detections": []}, {"frame_id": 141, "detections": []}, {"frame_id": 142, "detections": []}, {"frame_id": 143, "detections": []}, {"frame_id": 144, "detections": []}, {"frame_id": 145, "detections": []}, {"frame_id": 146, "detections": []}, {"frame_id": 147, "detections": []}, {"frame_id": 148, "detections": []}, {"frame_id": 149, "detections": []}]