[{"frame_id": 0, "players": []}, {"frame_id": 1, "players": []}, {"frame_id": 2, "players": []}, {"frame_id": 3, "players": []}, {"frame_id": 4, "players": []}, {"frame_id": 5, "players": []}, {"frame_id": 6, "players": []}, {"frame_id": 7, "players": []}, {"frame_id": 8, "players": []}, {"frame_id": 9, "players": []}, {"frame_id": 10, "players": []}, {"frame_id": 11, "players": []}, {"frame_id": 12, "players": []}, {"frame_id": 13, "players": []}, {"frame_id": 14, "players": []}, {"frame_id": 15, "players": []}, {"frame_id": 16, "players": []}, {"frame_id": 17, "players": []}, {"frame_id": 18, "players": []}, {"frame_id": 19, "players": []}, {"frame_id": 20, "players": []}, {"frame_id": 21, "players": []}, {"frame_id": 22, "players": []}, {"frame_id": 23, "players": []}, {"frame_id": 24, "players": []}, {"frame_id": 25, "players": []}, {"frame_id": 26, "players": []}, {"frame_id": 27, "players": []}, {"frame_id": 28, "players": []}, {"frame_id": 29, "players": []}, {"frame_id": 30, "players": []}, {"frame_id": 31, "players": []}, {"frame_id": 32, "players": []}, {"frame_id": 33, "players": []}, {"frame_id": 34, "players": []}, {"frame_id": 35, "players": []}, {"frame_id": 36, "players": []}, {"frame_id": 37, "players": []}, {"frame_id": 38, "players": []}, {"frame_id": 39, "players": []}, {"frame_id": 40, "players": []}, {"frame_id": 41, "players": []}, {"frame_id": 42, "players": []}, {"frame_id": 43, "players": []}, {"frame_id": 44, "players": []}, {"frame_id": 45, "players": []}, {"frame_id": 46, "players": []}, {"frame_id": 47, "players": []}, {"frame_id": 48, "players": []}, {"frame_id": 49, "players": []}, {"frame_id": 50, "players": []}, {"frame_id": 51, "players": []}, {"frame_id": 52, "players": []}, {"frame_id": 53, "players": []}, {"frame_id": 54, "players": []}, {"frame_id": 55, "players": []}, {"frame_id": 56, "players": []}, {"frame_id": 57, "players": []}, {"frame_id": 58, "players": []}, {"frame_id": 59, "players": []}, {"frame_id": 60, "players": []}, {"frame_id": 61, "players": []}, {"frame_id": 62, "players": []}, {"frame_id": 63, "players": []}, {"frame_id": 64, "players": []}, {"frame_id": 65, "players": []}, {"frame_id": 66, "players": []}, {"frame_id": 67, "players": []}, {"frame_id": 68, "players": []}, {"frame_id": 69, "players": []}, {"frame_id": 70, "players": []}, {"frame_id": 71, "players": []}, {"frame_id": 72, "players": []}, {"frame_id": 73, "players": []}, {"frame_id": 74, "players": []}, {"frame_id": 75, "players": []}, {"frame_id": 76, "players": []}, {"frame_id": 77, "players": []}, {"frame_id": 78, "players": []}, {"frame_id": 79, "players": []}, {"frame_id": 80, "players": []}, {"frame_id": 81, "players": []}, {"frame_id": 82, "players": []}, {"frame_id": 83, "players": []}, {"frame_id": 84, "players": []}, {"frame_id": 85, "players": []}, {"frame_id": 86, "players": []}, {"frame_id": 87, "players": []}, {"frame_id": 88, "players": []}, {"frame_id": 89, "players": []}, {"frame_id": 90, "players": []}, {"frame_id": 91, "players": []}, {"frame_id": 92, "players": []}, {"frame_id": 93, "players": []}, {"frame_id": 94, "players": []}, {"frame_id": 95, "players": []}, {"frame_id": 96, "players": []}, {"frame_id": 97, "players": []}, {"frame_id": 98, "players": []}, {"frame_id": 99, "players": []}, {"frame_id": 100, "players": []}, {"frame_id": 101, "players": []}, {"frame_id": 102, "players": []}, {"frame_id": 103, "players": []}, {"frame_id": 104, "players": []}, {"frame_id": 105, "players": []}, {"frame_id": 106, "players": []}, {"frame_id": 107, "players": []}, {"frame_id": 108, "players": []}, {"frame_id": 109, "players": []}, {"frame_id": 110, "players": []}, {"frame_id": 111, "players": []}, {"frame_id": 112, "players": []}, {"frame_id": 113, "players": []}, {"frame_id": 114, "players": []}, {"frame_id": 115, "players": []}, {"frame_id": 116, "players": []}, {"frame_id": 117, "players": []}, {"frame_id": 118, "players": []}, {"frame_id": 119, "players": []}, {"frame_id": 120, "players": []}, {"frame_id": 121, "players": []}, {"frame_id": 122, "players": []}, {"frame_id": 123, "players": []}, {"frame_id": 124, "players": []}, {"frame_id": 125, "players": []}, {"frame_id": 126, "players": []}, {"frame_id": 127, "players": []}, {"frame_id": 128, "players": []}, {"frame_id": 129, "players": []}, {"frame_id": 130, "players": []}, {"frame_id": 131, "players": []}, {"frame_id": 132, "players": []}, {"frame_id": 133, "players": []}, {"frame_id": 134, "players": []}, {"frame_id": 135, "players": []}, {"frame_id": 136, "players": []}, {"frame_id": 137, "players": []}, {"frame_id": 138, "players": []}, {"frame_id": 139, "players": []}, {"frame_id": 140, "players": []}, {"frame_id": 141, "players": []}, {"frame_id": 142, "players": []}, {"frame_id": 143, "players": []}, {"frame_id": 144, "players": []}, {"frame_id": 145, "players": []}, {"frame_id": 146, "players": []}, {"frame_id": 147, "players": []}, {"frame_id": 148, "players": []}, {"frame_id": 149, "players": []}]