[{"frame_id": 0, "tracks": []}, {"frame_id": 1, "tracks": []}, {"frame_id": 2, "tracks": []}, {"frame_id": 3, "tracks": []}, {"frame_id": 4, "tracks": []}, {"frame_id": 5, "tracks": []}, {"frame_id": 6, "tracks": []}, {"frame_id": 7, "tracks": []}, {"frame_id": 8, "tracks": []}, {"frame_id": 9, "tracks": []}, {"frame_id": 10, "tracks": []}, {"frame_id": 11, "tracks": []}, {"frame_id": 12, "tracks": []}, {"frame_id": 13, "tracks": []}, {"frame_id": 14, "tracks": []}, {"frame_id": 15, "tracks": []}, {"frame_id": 16, "tracks": []}, {"frame_id": 17, "tracks": []}, {"frame_id": 18, "tracks": []}, {"frame_id": 19, "tracks": []}, {"frame_id": 20, "tracks": []}, {"frame_id": 21, "tracks": []}, {"frame_id": 22, "tracks": []}, {"frame_id": 23, "tracks": []}, {"frame_id": 24, "tracks": []}, {"frame_id": 25, "tracks": []}, {"frame_id": 26, "tracks": []}, {"frame_id": 27, "tracks": []}, {"frame_id": 28, "tracks": []}, {"frame_id": 29, "tracks": []}, {"frame_id": 30, "tracks": []}, {"frame_id": 31, "tracks": []}, {"frame_id": 32, "tracks": []}, {"frame_id": 33, "tracks": []}, {"frame_id": 34, "tracks": []}, {"frame_id": 35, "tracks": []}, {"frame_id": 36, "tracks": []}, {"frame_id": 37, "tracks": []}, {"frame_id": 38, "tracks": []}, {"frame_id": 39, "tracks": []}, {"frame_id": 40, "tracks": []}, {"frame_id": 41, "tracks": []}, {"frame_id": 42, "tracks": []}, {"frame_id": 43, "tracks": []}, {"frame_id": 44, "tracks": []}, {"frame_id": 45, "tracks": []}, {"frame_id": 46, "tracks": []}, {"frame_id": 47, "tracks": []}, {"frame_id": 48, "tracks": []}, {"frame_id": 49, "tracks": []}, {"frame_id": 50, "tracks": []}, {"frame_id": 51, "tracks": []}, {"frame_id": 52, "tracks": []}, {"frame_id": 53, "tracks": []}, {"frame_id": 54, "tracks": []}, {"frame_id": 55, "tracks": []}, {"frame_id": 56, "tracks": []}, {"frame_id": 57, "tracks": []}, {"frame_id": 58, "tracks": []}, {"frame_id": 59, "tracks": []}, {"frame_id": 60, "tracks": []}, {"frame_id": 61, "tracks": []}, {"frame_id": 62, "tracks": []}, {"frame_id": 63, "tracks": []}, {"frame_id": 64, "tracks": []}, {"frame_id": 65, "tracks": []}, {"frame_id": 66, "tracks": []}, {"frame_id": 67, "tracks": []}, {"frame_id": 68, "tracks": []}, {"frame_id": 69, "tracks": []}, {"frame_id": 70, "tracks": []}, {"frame_id": 71, "tracks": []}, {"frame_id": 72, "tracks": []}, {"frame_id": 73, "tracks": []}, {"frame_id": 74, "tracks": []}, {"frame_id": 75, "tracks": []}, {"frame_id": 76, "tracks": []}, {"frame_id": 77, "tracks": []}, {"frame_id": 78, "tracks": []}, {"frame_id": 79, "tracks": []}, {"frame_id": 80, "tracks": []}, {"frame_id": 81, "tracks": []}, {"frame_id": 82, "tracks": []}, {"frame_id": 83, "tracks": []}, {"frame_id": 84, "tracks": []}, {"frame_id": 85, "tracks": []}, {"frame_id": 86, "tracks": []}, {"frame_id": 87, "tracks": []}, {"frame_id": 88, "tracks": []}, {"frame_id": 89, "tracks": []}, {"frame_id": 90, "tracks": []}, {"frame_id": 91, "tracks": []}, {"frame_id": 92, "tracks": []}, {"frame_id": 93, "tracks": []}, {"frame_id": 94, "tracks": []}, {"frame_id": 95, "tracks": []}, {"frame_id": 96, "tracks": []}, {"frame_id": 97, "tracks": []}, {"frame_id": 98, "tracks": []}, {"frame_id": 99, "tracks": []}, {"frame_id": 100, "tracks": []}, {"frame_id": 101, "tracks": []}, {"frame_id": 102, "tracks": []}, {"frame_id": 103, "tracks": []}, {"frame_id": 104, "tracks": []}, {"frame_id": 105, "tracks": []}, {"frame_id": 106, "tracks": []}, {"frame_id": 107, "tracks": []}, {"frame_id": 108, "tracks": []}, {"frame_id": 109, "tracks": []}, {"frame_id": 110, "tracks": []}, {"frame_id": 111, "tracks": []}, {"frame_id": 112, "tracks": []}, {"frame_id": 113, "tracks": []}, {"frame_id": 114, "tracks": []}, {"frame_id": 115, "tracks": []}, {"frame_id": 116, "tracks": []}, {"frame_id": 117, "tracks": []}, {"frame_id": 118, "tracks": []}, {"frame_id": 119, "tracks": []}, {"frame_id": 120, "tracks": []}, {"frame_id": 121, "tracks": []}, {"frame_id": 122, "tracks": []}, {"frame_id": 123, "tracks": []}, {"frame_id": 124, "tracks": []}, {"frame_id": 125, "tracks": []}, {"frame_id": 126, "tracks": []}, {"frame_id": 127, "tracks": []}, {"frame_id": 128, "tracks": []}, {"frame_id": 129, "tracks": []}, {"frame_id": 130, "tracks": []}, {"frame_id": 131, "tracks": []}, {"frame_id": 132, "tracks": []}, {"frame_id": 133, "tracks": []}, {"frame_id": 134, "tracks": []}, {"frame_id": 135, "tracks": []}, {"frame_id": 136, "tracks": []}, {"frame_id": 137, "tracks": []}, {"frame_id": 138, "tracks": []}, {"frame_id": 139, "tracks": []}, {"frame_id": 140, "tracks": []}, {"frame_id": 141, "tracks": []}, {"frame_id": 142, "tracks": []}, {"frame_id": 143, "tracks": []}, {"frame_id": 144, "tracks": []}, {"frame_id": 145, "tracks": []}, {"frame_id": 146, "tracks": []}, {"frame_id": 147, "tracks": []}, {"frame_id": 148, "tracks": []}, {"frame_id": 149, "tracks": []}]